{"cameraMode":{"drawMode":0,"name":"Shaded","section":"Shading Mode"},"sceneLighting":true,"audioPlay":false,"sceneViewState":{"m_AlwaysRefresh":false,"showFog":true,"showSkybox":true,"showFlares":true,"showImageEffects":true,"showParticleSystems":true,"showVisualEffectGraphs":true,"m_FxEnabled":false},"in2DMode":false,"pivot":{"x":2.9452600479125978,"y":3.918863296508789,"z":3.7600951194763185},"rotation":{"x":0.33071383833885195,"y":-0.6643893122673035,"z":0.4219491183757782,"w":0.5207699537277222},"size":10.104239463806153,"orthographic":false}