{"cameraMode":{"drawMode":0,"name":"Shaded","section":"Shading Mode"},"sceneLighting":true,"audioPlay":false,"sceneViewState":{"m_AlwaysRefresh":false,"showFog":true,"showSkybox":true,"showFlares":true,"showImageEffects":true,"showParticleSystems":true,"showVisualEffectGraphs":true,"m_FxEnabled":false},"in2DMode":false,"pivot":{"x":-0.17001724243164063,"y":5.363195419311523,"z":10.798787117004395},"rotation":{"x":0.25420477986335757,"y":-0.7050409913063049,"z":0.3050268590450287,"w":0.5876076817512512},"size":13.146897315979004,"orthographic":false}